,text,labels
0,SWE 5 Update Wired Mock client for Automating Commit APIs with negative scenarios and boundary conditions  Update Mock clients for automation of Commit  APIs with negative scenarios and boundary conditions Updated Wired Mock client with automation of Commit & Rollback APIs with negative scenarios and boundary conditions_x000D_ To Update WIred Mock client for automation of Commit & Rollback APIs with negative scenarios and boundary conditions we can complete swe5,"[0, 0, 0, 0, 1, 0, 0, 0, 0, 0, 1, 0, 1, 0, 0]"
1,SWE6 Automated launching Corvus and executing test cases We need to be able to launch corvus diagnostic tool from terminal in order to executing automated testing pipeline for SWE6 We will get in touch with the software factory team to understand if they have any supporting solutions and will also contact validation team for the same to learn about Corvus i can execute test cases for swe6,"[0, 0, 0, 0, 0, 0, 1, 0, 0, 0, 0, 0, 0, 0, 0]"
2,"SWE5 Writing CAPL Script for S2S PDU 2 Learn about CAPL
Automate prt framework launching via python CANOE launching and loading test modules automated and integrated into SWE5 automtaion script to learn about CAPL scripting i can write capl script for s2s pdu2 testing","[1, 0, 0, 0, 0, 0, 0, 1, 0, 0, 0, 0, 0, 0, 0]"
3,SWE5 Testing automation SWE5 automation Updated Mock clients for negative scenarios and boundary conditions_x000D_ To automate swe5 testing we can automate the creation of test execution report,"[0, 0, 0, 1, 1, 0, 0, 0, 0, 0, 0, 0, 0, 0, 0]"
4,"SWE 5 Update Wired Mock client for Automating Transfer, Update & Activate APIs with negative scenarios and boundary conditions  Update Mock clients for automation of Transfer, Update and Activate APIs with negative scenarios and boundary conditions Updated Wired Mock client with automation of Transfer, Update and Activate APIs with negative scenarios and boundary conditions_x000D_ To Update WIred Mock client for automation of Transfer, Update and Activate APIs with negative scenarios and boundary conditions we can complete swe5","[0, 0, 0, 0, 1, 0, 0, 0, 0, 0, 1, 0, 1, 0, 0]"
5,BSDIFF Follow up with NVIDIA  Follow up discussions with NVIDIA A report detailing the experiemnet results To validate the BSDIFF release with the patchset we can share the findings with NVIDIA,"[0, 0, 0, 0, 0, 0, 0, 0, 0, 0, 0, 1, 0, 0, 0]"
6,"SWE 5 Drafting test cases for swdl interfaces Drafting gherkin test cases for interfaces in SWDL application : 
 s2s_ccplex_aurix_swdl_swdlac_sender_service
 s2s_aurix_ccplex_all_pdu_receiver_service Test cases mapped to jira tickets_x000D_ To create gherkin test cases we can complete swe5","[0, 0, 0, 0, 0, 0, 0, 0, 0, 0, 1, 0, 0, 0, 0]"
7,Review : Create Sanity Testcases for Orin Wired Update Review Sanity testcases for Orin Wired Update Review Sanity testcases for Orin Wired Update,"[0, 0, 0, 0, 0, 0, 0, 0, 0, 1, 0, 0, 0, 0, 0]"
8,NVDIFF support in delta script  nvdiff delta package support in delta script Nvdiff support enabled in creating package To add nvdiff packaging support for delta package in delta script we can share the script with integration team,"[0, 0, 0, 0, 0, 0, 0, 0, 0, 0, 0, 1, 0, 0, 0]"
9,"BSDIFF Validation for POC 243  NVIDIA has delivered the latest 243 version of the BSDIFF POC
 This task will include validating this release on two avos release versions
We will also test this on the target  A report detailing the experiement results To validate the BSDIFF release with the patchset we can share the findings with NVIDIA","[0, 0, 0, 0, 0, 0, 0, 0, 0, 0, 0, 0, 1, 0, 0]"
10,SWE5 Sanity testing SWDL mock adaptive application for Orin Wired Update  test the adaptive SWDL client application SO THAT basic IPC communication can be tested SWDL cli applications is tested for basic IPC communication and check in any changes to git repo to test the adaptive SWDL client application it doesn't crash other applications,"[0, 0, 0, 0, 0, 0, 0, 0, 0, 0, 0, 0, 1, 0, 0]"
11,SWE4: Updating ISL based on new packaging strategy updating ISL based on new packaging strategy updated ISL based on new packaging strategy to update ISL based on new packaging strategy we can have modified isl states,"[0, 0, 0, 0, 1, 0, 0, 0, 0, 0, 0, 0, 0, 0, 0]"
12,"SWE4: Changing commit, activate and post activate classes to adapt to new packaging strategy DDU Images generated MR with modified classes for commit, activate and post-activate states to  change these states classes we can avoid using metadata files and use aurix route instead","[0, 0, 0, 0, 1, 0, 0, 0, 0, 0, 0, 0, 0, 0, 0]"
13,SWE4: Testing BSDIFF POC on target DDU Images generated Create ddu package for the latest 520 release to test bsdiff poc on target we can share the findings with NVIDIA,"[0, 0, 0, 0, 0, 0, 0, 0, 0, 0, 0, 0, 1, 0, 0]"
14,SWE4: Flashing target with BSDIFF compliant avos release To complete flashing of devkit using BSDIFF supported AVOS release from NV Target flashed with appropriate version of AVOS release to flash target we can proceed with target testing for bsdiff,"[0, 0, 0, 0, 0, 0, 0, 0, 0, 0, 0, 0, 1, 0, 0]"
15,SWE4: DDU generation for 520 DDU Images generated Create ddu package for the latest 520 release to create ddu images for 520 version we can proceed with target testing for bsdiff,"[0, 0, 0, 0, 0, 0, 0, 0, 0, 0, 0, 0, 1, 0, 0]"
16,Modifying deltapy script for DDU Generation  Adding features to create ddu images in the delta generation script MR merged with the functional deltapy To add functionalities to the deltapy I can provide functionality to generate DDU images,"[0, 0, 0, 1, 0, 0, 0, 0, 0, 1, 0, 0, 1, 0, 0]"
17,"SWE2: TRM requirements for packaging strategy and package extraction Moving requirements to release state Remove packaging strategy, covered as part of the SOTA
 Software package (OTA pending for released state)
Extraction of package requirements in TRM

Moving requirements to Release State on TRM : Extraction of package to add requirements to TRM for action items mentioned in the acceptance criterion we can move the corresponding requirements to released state after review them","[0, 0, 0, 0, 0, 0, 0, 0, 0, 0, 0, 0, 0, 0, 1]"
18,SWE4 Fixing SIMS 6823 - FaltMngrCcplex app running but logs not coming in ORIN folder and app name is not coming in running application list in EXEClog Fixing the SIMS issue 6823,"[0, 0, 0, 0, 1, 0, 0, 0, 0, 0, 0, 0, 1, 0, 0]"
19,SWE4 Packaging strategy for SOTA Adding requirements to the trm for sota packages,"[0, 0, 0, 0, 0, 0, 0, 0, 0, 0, 0, 0, 0, 0, 1]"
20,SWE5 Testing SWDL mock adaptive application for basic IPC communication  test the adaptive SWDL client application SO THAT basic IPC communication can be tested SWDL cli applications is tested for basic IPC communication and check in any changes to git repo to test the adaptive SWDL client application basic IPC communication can be tested,"[0, 0, 0, 0, 0, 0, 0, 0, 0, 0, 0, 0, 1, 0, 0]"
21,"Removing Compiler flags from CMAKE Lists
[SIMS-4743] Incorrect use of CMAKE_C_FLAGS and CMAKE_CXX_FLAGS in software_update_orin - Jaguar Land Rover JIRA (jlr-apps.com)","[0, 0, 0, 0, 0, 0, 0, 0, 1, 0, 0, 0, 0, 0, 0]"
22,SWE4 Connection handler static analysis klocwork static analysis based code changes to connection handler Connection Handler klocwork,"[0, 0, 0, 0, 1, 0, 0, 0, 0, 0, 0, 0, 0, 0, 0]"
23,Creating end to end sequence diagram for SOTA wrt SWDL application in MSOSA Reviewing the overall SOTA flow and adding sequence diagrams in MSOSA MSOSA diagrams for the SOTA sequence,"[0, 0, 0, 0, 0, 1, 0, 0, 0, 0, 0, 0, 0, 0, 0]"
24,SWE4 Drive Update Abstraction Static Analysis klocwork static analysis based code changes for drive update abstraction layer Drive Update Abstraction Code cleanup,"[0, 0, 0, 0, 1, 0, 0, 0, 0, 0, 0, 0, 0, 0, 0]"
25,SWE3 - Drafting delta image scripts for integration team Drafting the script for integration team to implement delta generation An MR with the integration team scripts,"[0, 0, 0, 1, 0, 0, 0, 0, 0, 0, 0, 0, 0, 0, 0]"
26,"SWE3 - Validation of bsdiff release from Nvidia Validating NVIDIA's bsdiff release du-delta-poc-rel-05 on orin images _x000D_
 A confluence page with compression results for the experiment _x000D_
Currently the integration team hasnt released the licenses for qnx safety os 224_x000D_
So we have to populate the results for the older versions of integration team images","[0, 0, 0, 0, 0, 0, 0, 0, 0, 0, 0, 0, 1, 0, 0]"
27,"SWE 3 Implementing Logging Wrapper for SWDL Creating a logging static library to be used across components of SWDL_x000D_
The logging module has ability to use std::cout and ara logger depending on the build environment we are using Code tested with GTest suite Add logging module to the SWDL so that we can replace std::cout with the logger implementation","[0, 0, 0, 0, 1, 0, 0, 0, 0, 0, 0, 0, 0, 0, 0]"
28,"SWE4: BSDIFF Validation Experiments Validation of BSDIFF release with the patchset provided in the mail chain with David Lang and team Confluence page with the results of validation
 Email sent to relevant stakeholders To validate the BSDIFF release with the patchset I can send the validation results to relevant stakeholders","[0, 0, 0, 0, 0, 0, 0, 0, 0, 0, 0, 0, 1, 0, 0]"
29,ADAS Pilot Training Review - Detecting Memory Leaks in C/C++ Applications  Pranav please find the ticket assigned for the course review of Detecting Memory Leaks in C/C++ Applications. Please see details in EPIC to access the course content and how to fill in the review record. Thanks,"[0, 0, 0, 0, 1, 0, 0, 0, 0, 0, 0, 0, 0, 0, 0]"
30,"Understanding the gaps in SWE1 for ISL Understanding the gaps in SWE1 for ISL 1 Changed requirements according to Krunal_x000D_
2 Identification of gaps between SWE3 and these requirements","[0, 0, 0, 0, 0, 0, 0, 0, 0, 0, 0, 0, 0, 0, 1]"
31,"SWE 3 Implementing rollback function for ISLState::Commit, ISLState::Activate Bug Fixing- ISL Code tested with GTest suite add functionality to rollback from states we can ensure border cases are taken care of and code is working as intended","[0, 0, 0, 0, 1, 0, 0, 0, 0, 1, 0, 0, 0, 0, 0]"
32,Implementation of ISL interfaces Implementation of ISL interfaces Raise MR for ISL Implementation to implement ISL interfaces SUM can use the ISL interfaces to invoke software update,"[0, 0, 0, 0, 1, 0, 0, 0, 0, 0, 0, 0, 0, 0, 0]"
33,"Development of bootmanager-plugin Post confirmation from Rakesh exploration activity_x000D_
Communication gateway must work_x000D_
Bootmanager in Aurix should work { SomeIP }","[0, 0, 0, 0, 1, 0, 0, 0, 0, 0, 0, 0, 0, 0, 0]"
34,"SWE 1 Create draft for requirements for Logging Define, draft and review SWE-1 requirements for Logging_x000D_
_x000D_
DoD: The requirements reviewed, accepted and documented into TRM to define requirements for Synchronisation between Diagnostics & OTA Sessions we can move ahead to work on SWE2 and SWE3","[0, 0, 0, 0, 0, 0, 0, 0, 0, 0, 0, 0, 0, 0, 1]"
35,Interdependency review  Discussion with team members about interdependent requirements,"[0, 0, 0, 0, 0, 0, 0, 0, 0, 0, 0, 0, 0, 0, 1]"
36,Review  of requirement Second review of requirements,"[0, 0, 0, 0, 0, 0, 0, 0, 0, 0, 0, 0, 0, 0, 1]"
37,Review  1 of requirements First review of the requirements,"[0, 0, 0, 0, 0, 0, 0, 0, 0, 0, 0, 0, 0, 0, 1]"
38,"AA Setups, QNX Setup Adaptive Autosar setup, QNX setup required every week to compile and verify code to fix any found issues 1 Processes and tools set up for AA and QNX drive update_x000D_
2 Documentation of processes used_x000D_
3 Documentation of issues found during testing to establish processes and tools on AA and QNX update I can test code developed and fix any issues","[0, 0, 1, 0, 0, 0, 0, 0, 0, 0, 0, 0, 0, 0, 0]"
39,"Integrate JSON Parser for Orin ISL Integrate JSON Parser for Orin ISL , test and checkin Integrate, Implement , test json Parser for Orin ISL and check-in to git to Json Parser utility for Orin ISL Orin ISL can fetch and parse json metadata json files","[0, 0, 0, 0, 1, 0, 0, 0, 0, 0, 0, 0, 0, 0, 0]"
40,"Develop Individual ISL States for ISL Diagnostic update Implement, test and review Initialization layer for Orin ISL After reviewed and review comments resolved , check in to git repository to develop the Initialization layer for Orin ISL we can proceed to work on rest of business logic for ISL","[0, 0, 0, 0, 1, 0, 0, 0, 0, 1, 0, 0, 1, 0, 0]"
41,"SWE 1 Requirements for Synchronisation between Diagnostics & OTA Sessions Define, draft and review SWE-1 requirements for Synchronisation between Diagnostics & OTA Sessions.
We want to define how precedence of one update mode over other is defined within ISL. For example, we want to define requirements in a case where an update in OTA is interrupted by a diagnostic update and vice-versa.
DoD: The requirements reviewed, accepted and documented into TRM. to define requirements for Synchronisation between Diagnostics & OTA Sessions we can move ahead to work on SWE2 and SWE3","[0, 0, 0, 0, 0, 0, 0, 0, 0, 0, 0, 0, 0, 0, 1]"
42,"Modifying DAL APIs for deploy metadata Modifying DAL APIs for deploy metadata Reviewed API documentation for LCM component within MSOSA to create API documentation for LCM the workings, requirements and interactions of LCM are defined completely","[0, 0, 0, 0, 1, 1, 0, 0, 0, 0, 0, 0, 0, 0, 1]"
43,"Draft SWE1 Software Requirements for Orin ISL  Draft software requirements for Orin ISL for modules :
Initialization layer, Public layer, State machine,
Abstraction of NVIDIA,
Utility SWE level requirements for Orin ISL drafted in TRM to draft swe level requirements for ORIN ISL we can complete SWE1 and move ahead to SWE2,3","[0, 0, 0, 0, 0, 0, 0, 0, 0, 0, 0, 0, 0, 0, 1]"
44,"Understanding scope of ISL( installer service library) The Install service Library (ISL) is a software component that resides on the Vehicle ECU responsible for updating software on the ECU.
DoD:
A confluence page with the learnings from the study as well as review session. A review session with a team member_x000D_
A confluence page documenting the learnings to understand what ISL is and its scope so that I can perform my future tasks","[0, 0, 0, 0, 0, 0, 0, 0, 0, 0, 0, 1, 0, 0, 0]"
45,"Understanding ways to update : OTA / diagnostics All modules within the ECU - CCPLEX, FSI and Aurix, are updateable using both Diagnostic based update (UDS) as well as OTA, adhering to the standard diagnostic protocols, diagnostic requirements and interfaces defined by JLR.

DoD:
A confluence page with the learnings from the study as well as review session. A review session with a team member_x000D_
A confluence page documenting the learnings to study about ways to update OTA and Dignostics so that I can get familiar with concepts like UDS, OTA, Diagnostics","[0, 0, 0, 0, 0, 0, 0, 0, 0, 0, 0, 1, 0, 0, 0]"
46,"SW flash and hands-on for memory layout on devkit Full image update is one of the ways to update the ORIN devkit Having a hands-on knowledge of the process is crucial for the team We should go through the documentation and perform a full image update_x000D_
DoD:_x000D_
Completion of full image update using the documented steps Completion of full image update using the documented steps go through the documented steps of full image update I can get familiar with the devkit and perform a full image update","[0, 0, 0, 0, 0, 0, 0, 0, 0, 0, 0, 0, 1, 0, 0]"
47,"Training for TRM and get write access TRM request  To review the training materials provided for TRM and get accustomed with the usage.
  To complete TRM assessments
 To request approval for TRM  Write access. Basic understanding of TRM
 Hands-on tutorials of TRM
 Passing TRM assessments
 Getting access for TRM to get well versed with TRM training it will facilitate to draft requirements in the upcoming sprints","[0, 0, 0, 0, 0, 0, 0, 0, 0, 0, 0, 0, 0, 0, 1]"
48,"Ramp Up: Software Update Manager workflow As a SW Architect

I want to understand SUM workflow and collaborate with SUM team for the same

So that 

DoD:
  Understand the workflow of SUM
 Discussions with SUM team regarding any queries
  How we can use this understanding to develop SUM for DADC","[0, 0, 0, 0, 0, 0, 0, 0, 0, 0, 0, 1, 0, 0, 0]"
49,SWE3 Send dummy signal (GetActiveBootchain) for SIMS-9362 Send dummy signal (GetActiveBootchain) from Idle state to validate CCPLEX->AURIX communication Send dummy signal (GetActiveBootchain) from Idle state to validate CCPLEX->AURIX communication to Send dummy signal (GetActiveBootchain) from Idle state to validate CCPLEX->AURIX communication,"[0, 0, 1, 0, 1, 0, 0, 0, 0, 0, 0, 0, 1, 0, 0]"
50,SWE6 Test Signed F188package update through corvus To test and verify signed image update for signed F188 package through corvus Validation of signed image update for signed F188 package using corvus update using signed F188 package wired update can be validated,"[0, 0, 0, 0, 0, 0, 1, 0, 0, 0, 0, 0, 1, 0, 0]"
51,review the full image update To review and verify the full image signed update,"[0, 0, 0, 0, 0, 0, 0, 0, 0, 1, 0, 0, 0, 0, 0]"
52,"SWE3 Ccplex Aurix Changes for NV Bootchain Configurator When SetNextBootchain API provided by NVM is called, the execution of the task takes around 3 second.
 In case we issue any other command for Setting or Getting the bootchain, we get an error on the Aurix console and the NVM persistency blocks are corrupted.
 This leads to invalid response from getNext bootchain in the subsequent power cycles due to which ORIN does not boot up. No NV block Corruption at NV API queries_x000D_
_x000D_
Fix Delivered:_x000D_
_x000D_
orin_build fix MR: https://git-gddsdojlrmotorcom/ADAS/loki/sw-integration/loki-builds/orin_build/-/merge_requests/453 _x000D_
aurix_build fix MR: https://git-gddsdojlrmotorcom/ADAS/loki/sw-integration/loki-builds/aurix_build/-/merge_requests/543 to make changes in software-update-orin and software-update-aurix Bootchain configurator works fine","[0, 0, 0, 0, 1, 0, 0, 0, 0, 1, 0, 0, 1, 1, 0]"
53,SWE3 SIMS 5472 fixes Code Modifications for SIMS-5472  SIMS 5472 Changes are realised,"[0, 0, 0, 0, 0, 0, 0, 0, 0, 1, 0, 0, 1, 0, 0]"
54,"SWE3 DID D05B implementation (response codes 0x41 to 0x73) Implementation of DID D05b response codes Response codes covered:_x000D_
E_COMMIT_UNSUCCCESSFUL = 0x41,_x000D_
E_COMMIT_INPROGRESS = 0x42,_x000D_
E_ROLLBACK_SUCCESS = 0x50,_x000D_
E_ROLLBACK_FAILURE = 0x51,_x000D_
E_ROLLBACK_INPROGRESS = 0x52,_x000D_
E_TIMEOUT_PENDNG_ROLLBACK_ACTIVATION = 0x60,_x000D_
E_SYNC_PENDING = 0x70,_x000D_
E_SYNC_INPROGRESS = 0x71,_x000D_
E_SYNC_UNSUCCESSFUL = 0x72,_x000D_
E_UNDEFINED = 0xFF,_x000D_
E_VALIDATION_SUCCESS_WAITING_INSTALLATION = 0x73 Code merged for D05B response codes write and test code blocks we get specific responses for D05B","[0, 0, 0, 0, 1, 0, 1, 0, 0, 0, 0, 0, 1, 0, 0]"
55,"SWE3 DID D05B implementation (response codes 0x014 to 0x40) Implementation of DID D05b response codes Response codes covered:_x000D_
E_SOFTWARE_EXECUTION_ERROR = 0x14,_x000D_
E_Wait_ACTIVATION = 0x15,_x000D_
E_REPROGRAM_MAXCOUNT_REACHED = 0x16,_x000D_
E_SOFTWARE_HARDWARE_VERSION_INCOMPATIBLE = 0x17,_x000D_
E_INSTALLATION_INPROGRESS = 0x18,_x000D_
E_INSTALLATION_SUCCESSFUL = 0x19,_x000D_
E_VALIDATION_SUCCESS_WAITING_SWITCHBANK = 0x1A,_x000D_
E_VALIDATION_UNSUCCESSFUL = 0x1B,_x000D_
E_SWITCHBANK_SUCCESSFUL_PENDING_ACTIVATION = 0x20,_x000D_
E_SWITCHBANK_UNSUCCESSFUL = 0x21,_x000D_
E_SWITCHBANK_INPROGRESS = 0x22,_x000D_
E_FIRSTRUNTEST_SUCCESSFUL = 0x30,_x000D_
E_FIRSTRUNTEST_INPROGRESS = 0x31,_x000D_
E_FIRSTRUNTEST_UNSUCCESSFUL = 0x32,_x000D_
E_COMMIT_SUCCESSFUL = 0x40, Code merged for D05B response codes write and test code blocks we get specific responses for D05B","[0, 0, 0, 0, 1, 0, 1, 0, 0, 0, 0, 0, 1, 0, 0]"
56,"SWE3 DID D05B implementation (response codes 0x00 to 0x13) Implementation of DID D05b response codes Response codes covered:_x000D_
E_LASTSWDL_SUCCESS = 0x00,_x000D_
E_LASTSWDL_INCOMPLETE = 0x01,_x000D_
E_FAILED_SIGNATURE_CHECK = 0x02,_x000D_
E_SWVERSION_MISMATCH = 0x03,_x000D_
E_CHECKVALID_APPLICATION_NOTRUN = 0x04,_x000D_
E_SOFTWARE_DOWNLOAD_INPROGRESS = 0x05,_x000D_
E_SOFTWARE_DOWNLOAD_INCOMPLETE = 0x06,_x000D_
E_SWVERSION_MISMATCH_CONTROLSLAVE_NODE = 0x07,_x000D_
E_WAIT_VALIDATE_CONFIGURATION = 0x08,_x000D_
E_VALIDATE_CONFIGURATION_INPROGRESS = 0x09,_x000D_
E_CONFIGURATION_PARAMETER_CONFLICT = 0x0A,_x000D_
E_CONFIGURATION_PARAMETER_HARDWARE_MISMATCH = 0x10,_x000D_
E_INVALID_PARAMETER_VALUES = 0x11,_x000D_
E_CONFIGURE = 0x12,_x000D_
E_CONFIGURATION_NOTSUPPORTED = 0x13, Code merged for D05B response codes write and test code blocks we get specific responses for D05B","[0, 0, 0, 0, 1, 0, 1, 0, 0, 0, 0, 0, 1, 0, 0]"
57,"SWE3 S2S fixes for SIMS 8313 SIMS-8313 fix by integrating jlr_swdl_application with updated ARXML SIMS-8313 is fixed, no crashes for DFMC to integrated jlr_swdl_application with updated ARXMLs SIMS-8313 can be fixed","[0, 0, 1, 0, 1, 0, 0, 0, 0, 1, 0, 0, 1, 0, 0]"
58,SWE3 Validating S2S binding (configuration changes) IP configuration changes CCPLEX <--> Aurix Communication Successful,"[0, 0, 1, 0, 0, 0, 0, 0, 0, 1, 0, 0, 0, 0, 0]"
59,SWE4 Perform Interface testing for Orin UDP messages using Canoe to validate S2S (Aurix to CCPLEX) by sending signal using CANOE  tool udp messages to orin,"[0, 0, 0, 0, 0, 0, 0, 1, 0, 0, 0, 0, 1, 0, 0]"
60,SWE3 Changes in Diag Controller Interface for Update Scenarios  Code changes for multiple update scenarios for f124 and f188 packages  Successful Update of Devkit/TAMS with multiple update requests to make code changes for SWDL we can cover multiple scenarios for update API call for f124 and f188 packages,"[0, 0, 0, 0, 1, 0, 0, 0, 0, 0, 0, 0, 1, 0, 0]"
61,"SWE3 Logging Integration for ISL Modifications in current logger_x000D_
Integration of logger for ISL module Logging tested in linux_x000D_
ARA Logging tested on TAMS to modify the logger, and integrate it in sub-components like ISL logging use case is easier and logging module can be used","[0, 0, 0, 0, 1, 0, 0, 0, 1, 0, 0, 0, 0, 0, 0]"
62,SWE4 GTest cases for ISL To write google test using gtest and gmock for ISL state classes Code coverage above 90% write google test cases for ISL we get 90% code coverage,"[0, 0, 0, 0, 1, 0, 0, 0, 0, 0, 0, 0, 1, 0, 0]"
63,"SWE3 Integration of PREEvision model  PREEvision model to be provided for SWDL interfaces
  [https://git-gdd.sdo.jlrmotor.com/ADAS/loki/platform-services/CCPLEXServices/-/merge_requests/23]
  [https://git-gdd.sdo.jlrmotor.com/ADAS/loki/platform-services/CCPLEXServices/-/merge_requests/14]
  Integration of Model for our component
 Code Changes
 Bug Fixes Fixed compilation issues to replace our ARXMLs with PREEvision modelled ARXLs our component is inline with other components and we can facilitate services like s2s, DM","[0, 0, 1, 0, 0, 0, 0, 0, 0, 1, 0, 0, 1, 0, 0]"
64,"SWE3 S2S Pdu ARXML changes https://jiradevopsjlr-appscom/browse/SIMS-5161 Adding SWDL I signal and I signal triggerings in model, Application should successfully launch in integration build","[0, 0, 1, 0, 1, 0, 0, 0, 0, 0, 0, 0, 0, 0, 0]"
65,SWE3 Machine Model ARXML changes for S2S    https://jiradevopsjlr-appscom/browse/SIMS-5161 Application launching Successfully after machine model changes,"[0, 0, 1, 0, 0, 0, 0, 0, 0, 0, 0, 0, 1, 0, 0]"
66,"SWE3 Validate S2S running with PREEvision changes Making jlr_swdl_appllication run independently with S2S enabled to proceed with testing_x000D_
TAMS configuration Making jlr_swdl_appllication run independently with S2S enabled to proceed with testing_x000D_
TAMS configuration to facilitate communication between aurix and ccplex we can send and receive bootchain configuration signals","[0, 0, 0, 0, 0, 0, 0, 0, 0, 0, 0, 0, 1, 0, 0]"
67,SIMS-6457- SWDL 0074 crashing SomeIP Deamon Fix issue: [SIMS-6457] SWDL 0074 crashing SomeIP Deamon - Jaguar Land Rover JIRA (jlr-appscom) Issue is fixed and tested,"[0, 0, 0, 0, 0, 0, 0, 0, 0, 1, 0, 0, 1, 0, 0]"
68,"SWE3 SWDL Drop 7 Integration Providing descriptions for SWDL services for PREEvision modelling_x000D_
_x000D_
https://git-gddsdojlrmotorcom/ADAS/loki/platform-services/CCPLEXServices/-/tree/aex-115251-ccf-client-services-for-drop8?ref_type=heads","[0, 0, 1, 0, 0, 0, 0, 0, 0, 0, 0, 1, 0, 0, 0]"
69,SWE3 Dynamic File Manager Serve Metadata files to dumaster Test for  all the phases of update using generated metadata,"[0, 0, 0, 0, 1, 0, 0, 0, 0, 0, 0, 0, 0, 0, 0]"
70,SWE3 Validate and Test Rollback Sequences Validate and test the patch for rollback sequences [AEX-62132] Rollback functions properly,"[0, 0, 0, 0, 0, 0, 0, 0, 0, 1, 0, 0, 1, 0, 0]"
71,SWE4 GTest for Idle state   Unit test for Idle State using gtest and gmock framework  Code coverage >= 90% for Idle state to create unit tests for Idle state We can get code coverage reports for Idle state,"[0, 0, 0, 0, 1, 0, 0, 0, 0, 0, 0, 0, 1, 0, 0]"
72,Develop Tar package extractor Integrate the tar package extractor using ZLib Tar package extractor,"[0, 0, 0, 0, 1, 0, 0, 0, 1, 0, 0, 0, 0, 0, 0]"
73,"GCoverage for Utilities Integrating task runner utilities in orin ISL implementation Integration of task runner
 Test cases passed for all APIs in OrinImpl to integrate task runner utility in ISL I can run asynchronous APIs efficiently using task runner","[0, 0, 0, 0, 1, 0, 0, 0, 0, 0, 0, 0, 0, 0, 0]"
74,"GTest Suite For Utilities DoD:
  Design the GTest suite for utilities
  Upload and merge it with master in gitlab DoD:_x000D_
_x000D_
Design the GTest suite for utilities_x000D_
Upload and merge it with master in gitlab","[0, 0, 0, 0, 1, 0, 0, 0, 0, 0, 0, 0, 1, 0, 0]"
75,"SWE3 Handle Persistent data for ISL Handle Persistent data for states, update resume info, other data that needs to be cached for ISL diagnostic use case Peristent handling implemented, tested and checked-in to git to implement persistent handling for ISL diagnostic usecase we can re use or store cache info needed for diagnostic update","[0, 0, 1, 0, 1, 0, 0, 0, 0, 0, 0, 0, 0, 0, 0]"
76,Full Image Update test Provide file read support for ISL so that we can initialize ISL based on the data in persistency Code reviewed and merged with the master to provide file read support for ISL we can read data from persistency,"[0, 0, 0, 0, 1, 0, 0, 0, 0, 0, 0, 0, 0, 0, 0]"
77,Fixing Tar Extractor Fixing tar extractor for extracting rooted tar files we can test the SUM apis,"[0, 0, 0, 0, 1, 0, 0, 0, 0, 1, 0, 0, 0, 0, 0]"
78,Aurix manual testing for integration Identify all testcases and complete the manual testing for aurix for integration to both PRT and aurix The build for aurix should work and be integrated in aurix_build,"[0, 0, 0, 0, 0, 0, 0, 0, 0, 0, 0, 0, 1, 1, 0]"
79,Aurix integration to aurix_build and PRT make the build for aurix work and be integrated in aurix_build The build for aurix should work and be integrated in aurix_build,"[0, 0, 0, 0, 0, 0, 0, 0, 1, 0, 0, 0, 0, 0, 0]"
80,Integration of integration script and delta script  Have a meet with integration team and make sure all things are done for the script to be integrated in integration pipeline script should be integrated in integration pipeline to follow up with integration team we can integrate the script to pipeline,"[0, 0, 0, 0, 0, 0, 0, 0, 0, 0, 0, 1, 0, 0, 0]"
81,Big fixing for active bootchain Following up story for sims https://jiradevopsjlr-appscom/browse/SIMS-9507 Active bootchain is working fine,"[0, 0, 0, 0, 1, 0, 0, 0, 0, 0, 0, 0, 1, 1, 0]"
82,PRT prep release Follow with the changes and make sure for the aurix integration biweekly and making others know about the release and the process Accepted biweekly,"[0, 0, 0, 0, 0, 0, 0, 0, 0, 0, 0, 1, 0, 0, 0]"
83,"Aurix SWUD PRT -  Automated test for Drop 8  - Jump back interface  Aurix SWUD PRT -  Automated test test for Drop 8
  test jump back interface ATS based Test implemented and tested _x000D_
MR raised","[0, 0, 0, 0, 0, 0, 0, 1, 0, 0, 0, 0, 0, 0, 0]"
84,"SWE3 Understanding DADHA PRTI delivery To integrate our component into PRTI pipeline, we might need some pre-requisites This ticket covers it Document pre-requisites as part of ticket / Confluence page_x000D_
https://confluencedevopsjlr-appscom/display/NGAE/Guidelines+-+DADHA+and+DADSA+PRTI+delivery","[0, 0, 0, 0, 0, 0, 0, 0, 0, 0, 0, 1, 0, 0, 0]"
85,"SWE2 Design discussion for tegrarecovery https://jiradevopsjlr-appscom/browse/SIMS-8798_x000D_
As part of this SIMS, we have to own tegrarecovery and need to change the way tegrareset is being implemented at the moment MSOSA artefacts for implementation of tegrarecovery to create architecture for tegrarecovery we can get rid of the global variable tegrareset","[0, 0, 0, 0, 0, 1, 0, 0, 0, 0, 0, 1, 0, 0, 0]"
86,"SWE3 To deliver the AURIX SWC to DADHA PRTI As part of new process, swdl aurix application has to be delivered as part of PRTI Application merged as part of PRTI branch: https://git-gddsdojlrmotorcom/ADAS/loki/PRTI/DADHA_Platform_Train/-/tree/master?ref_type=heads to merge swdl_aurix application in prti pipeline it can be easily merged for drop-10","[0, 0, 0, 0, 0, 0, 0, 0, 1, 0, 0, 0, 0, 0, 0]"
87,"SWE3 Validation of SWDL SWC component for vlca on Drop8 aurix base image For the two new features added to SWDL SWC as part of drop-8 we need to verify whether they are working as intended in drop-8 base image and fix if there are any issues that we encounter

Features:
  Registering to VLCA state Sanity test for drop 8 image for Aurix with features verified to test aurix drop-8 image we can verify whether swdl swc is working as intended","[0, 0, 0, 0, 0, 0, 0, 0, 0, 0, 0, 0, 1, 1, 0]"
88,SWE3 Modification in packaging script for new feature to write code for making modifications to packaging script so that new feature can be delivered to integration team MR merged to software-update-orin to write code for making modifications to software update orin new feature can be delivered to integration team,"[0, 0, 0, 1, 0, 0, 0, 0, 0, 1, 0, 0, 0, 0, 0]"
89,SWE3 SWDL changes for retrieving vlca data Software update orin will be updated to get the vlca states in the orin from the aurix signal to orin MR raised to software-update-orin to write code for subscribing to vlca the required functionality can be achieved in drop8,"[0, 0, 0, 0, 1, 0, 0, 0, 0, 0, 0, 0, 0, 0, 0]"
90,"Provide an overview for the signed and unsigned package generation for the integration team  overview of the scripts, msosa diagram and confluence page to the integration team presentation to the integration team is done_x000D_ package script to integration team","[0, 0, 0, 0, 0, 1, 0, 0, 0, 0, 0, 1, 0, 0, 0]"
91,"Completion of msosa and confluence page for the signed and unsigned package generation for the integration team  submission of the scripts, msosa diagram and confluence page to the integration team review by rajesh of the msosa diagram and the requirements along with the confluence page package script to integration team","[0, 0, 0, 0, 0, 1, 0, 0, 0, 0, 0, 1, 0, 0, 0]"
92,SWE 3: Cysec: Verification of signed packages in ISL verification of signed packages in ISL signed packages through ISL,"[0, 0, 0, 0, 1, 0, 0, 0, 0, 0, 0, 0, 1, 0, 0]"
93,modelling for VLCA in autosar modelling in the autosar classic for the SWDL SWC componect to register methods in VLCA,"[0, 1, 0, 0, 0, 0, 0, 0, 0, 0, 0, 0, 0, 0, 0]"
94,SWE 3 : Discussion with integration team and add support with auth and val Discussion would be done with integration team and additional support would be given addition of authorization and validation in package generation package generation working fine code changes would be done in the package generation for integration team package could be generated with authorization and validattion,"[0, 0, 0, 1, 0, 0, 0, 0, 0, 0, 0, 1, 0, 0, 0]"
95,SWE 1: TRM requirement validation for cybersecurity validation of requiments of TRM in for cybersecurity validation of TRM requirements it can be validated,"[0, 0, 0, 0, 0, 0, 0, 0, 0, 0, 0, 1, 0, 0, 1]"
96,SWE 4 Validation of package using authentication As a developer i want validation of package would be done by doing sample drive update on both TAMS and devkit using the generated package with dupkg sample drive update done succefully with orin running validation of package would be done sample drive update works on both TAMS and devkit using the generated package with dupkg,"[0, 0, 0, 0, 0, 0, 0, 0, 0, 0, 0, 0, 1, 0, 0]"
97,Package generation with authentication using dupkg generation of package for sample drive update in devkit and TAMS using dupkg,"[0, 0, 0, 1, 0, 0, 0, 0, 0, 0, 0, 0, 0, 0, 0]"
98,SWE3 Lifecycle management of core-sum in SWDL application Updating the software update orin repo with serve functions of core-sum,"[0, 0, 0, 0, 1, 0, 0, 0, 0, 0, 0, 0, 0, 0, 0]"
99,SWE4 validation using the delta image  Validating the lifecycle manager using the delta image,"[0, 0, 0, 0, 0, 0, 0, 0, 0, 0, 0, 0, 1, 0, 0]"
100,Implementation of Update Manager Implementation of update manager from the patch created,"[0, 0, 0, 0, 1, 0, 0, 0, 0, 0, 0, 0, 0, 0, 0]"
101,Generation of delta packages using NVDiff create a package using nvdiff possibly with drop 5 and drop 6b images,"[0, 0, 0, 0, 0, 0, 0, 0, 0, 1, 0, 0, 0, 0, 0]"
102,"SWE3 POC for package creation POC for creating two packages, one for F124 and one for F188 POC demonstrated to integration team to create scripts to generate two packages integration team can integrate it within their pipeline","[0, 0, 0, 1, 0, 0, 0, 0, 0, 0, 0, 0, 0, 0, 0]"
103,SWE6 Support and validation for SIMS-10070 To support and validate fixes provided for SIMS-10070 Validated SIMS-10070 and update with packages above 4GB can be performed through corvus support and validate SIMS-10070 updates above 4GB can be performed through corvus,"[0, 0, 0, 0, 0, 0, 1, 0, 0, 1, 0, 1, 0, 0, 0]"
104,SWE6 Test Signed F124 package update through corvus To test and verify signed image update for signed F124 package through corvus Validation of signed image update for signed F124 package using corvus update using signed F124 package wired update can be validated,"[0, 0, 0, 0, 0, 0, 0, 0, 0, 1, 0, 0, 1, 0, 0]"
105,SWE4 Validation of D05B response codes from SWDL application To validate different response codes from SWDL application according to various states We validate the response codes for D05B to test response codes from D05B interface swdl status is responded accordingly,"[0, 0, 0, 0, 0, 0, 1, 0, 0, 1, 0, 0, 1, 0, 0]"
106,"SWE4 Validating ECU Reset 11x01 To validate ECU Reset ( service 11x01) implemented by Diagnostics team ECU Reset is working to test and validate ECU reset we can confirm that on issuing 11x01, ORIN Resets","[0, 0, 0, 0, 0, 0, 0, 0, 0, 1, 0, 0, 1, 0, 0]"
107,SWE3 Fixing CCPLEX to AURIX communication To test and fix the communication between ccplex and aurix Signals originating in CCPLEX being intercepted through CANOE with respective code changes merged to test communication from CCPLEX to AURIX messages originating in ccplex reach aurix,"[0, 0, 1, 0, 0, 0, 0, 1, 0, 1, 0, 0, 0, 0, 0]"
108,Bug Fixing: SIMS-6985 Bug fixing for SIMS-6985 Fixing SOMEIP crashing issues when SWDL application and DiagSrvFcnCcplex coexisting Closure of SIMS with respective code changes for both applications to coexist make code changes jlr_swdl_application and jlr_diag_srv_fcn_ccplex are able to start together,"[0, 0, 1, 0, 0, 0, 0, 0, 0, 1, 0, 0, 0, 0, 0]"
109,SWE3 Validating Update Scenarios Validating Update for f124 and f188 packages Testing for Update requests to boot to next bank update sequences are validated,"[0, 0, 0, 0, 0, 0, 0, 0, 0, 0, 0, 0, 1, 0, 0]"
110,SWE4 Google Test for SWDL Diagnostic Controller To fix the existing google tests and write more test cases for SWDL Diagnostic controller in order to achieve higher code coverage High code coverage in SWDL Diagnostic Controller Unit tests write google test cases for SWDL Diagnostic Controller we get high code coverage,"[0, 0, 0, 0, 1, 0, 0, 0, 0, 0, 0, 0, 1, 0, 0]"
111,"SWE3 Integrating Logger with swdl_application, DAL To integrate swdl_logger with swdl_application and DAL Logger working with DAL and swdl_application integrate logger with swdl application we get logs in SWDL log file","[0, 0, 0, 0, 1, 0, 0, 0, 0, 0, 0, 0, 0, 0, 0]"
112,SWE4 Google Tests for Network API To write google test using gtest and gmock for network api files High code coverage in Network API files write google test cases for network api we get high code coverage,"[0, 0, 0, 0, 1, 0, 0, 0, 0, 0, 0, 0, 1, 0, 0]"
113,SWE4 Google Tests for ISL states To write google test using gtest and gmock for all the ISL state classes 90% code coverage for the ISL state classes write google test cases for ISL we get 90% code coverage,"[0, 0, 0, 0, 1, 0, 0, 0, 0, 0, 0, 0, 1, 0, 0]"
114,SWE4 GTest for Idle state Unit test for Idle State using gtest and gmock framework Code coverage >= 90% for Idle state,"[0, 0, 0, 0, 1, 0, 0, 0, 0, 0, 0, 0, 1, 0, 0]"
115,SWE4 Fixing high CPU usage for SIMS-6823 Problem : Fixing the issue where the CPU usage was going too high causing other applications to crash The CPU usage is lowered and other applications do not crash debugging,"[0, 0, 1, 0, 1, 0, 0, 0, 0, 0, 0, 0, 0, 0, 0]"
116,SWE3 Validate DM to SWDL Application communication Fix communication between SWDL Application and Diagnostic Manager such that RequestDownload service requests reach SWDL Application Communication between Diagnostic manager and SWDL Application is established and requests are received for diagnostic services to validate the communication between DM and SWDL Application,"[0, 0, 1, 0, 0, 0, 1, 0, 0, 0, 0, 0, 1, 0, 0]"
117,"Integration of Software Update application layer to software update controller for transfer functionality  Integration of service 34, 36 and 37 to Software Update controller interfaces code to be merged to Gitlab Integrate Application layer with Software Update controller DM can trigger core functionality of SW update component","[0, 0, 0, 0, 1, 0, 0, 0, 0, 0, 0, 0, 0, 0, 0]"
118,"SWE3 Routing Diagnostic service to SWDL To merge changes in ccplex_amsr_fs for routing service 34, 36 and 37 to SWDL application Changes merged in ccplex_amsr_fs","[0, 0, 0, 0, 1, 0, 0, 0, 0, 0, 0, 0, 0, 0, 0]"
119,SWE3 Development of SWDL_Aurix Classic application in Aurix Development of SWDL_Aurix Classic application in Aurix: Definition of ARXML with R-port prototype for signal Modification of Aurix_IPC_Routing to allow incoming signals Building the RTE and flashing onto Aurix for testing Merged code for SWDL_application in Aurix repo to create an autosar application for Aurix we can use it to get signals from the application in Orin to trigger bootchain switch,"[0, 1, 0, 0, 0, 0, 0, 0, 0, 0, 0, 0, 0, 0, 0]"
120,SWDL adaptive sample application to test SWDL sequence Write sample application to establish connection with Diagnostic SW controller-server and trigger update sequence test cases to be demonstrated to team create sample testing  application i can test SW update component,"[0, 0, 1, 0, 0, 0, 0, 0, 0, 0, 0, 0, 1, 0, 0]"
121,"Interfacing of Diagnostic software Controller client with DM Involves activities like establishing handler with DM subscribing for services, routine and DID's dummy i/p and o/p handling Code to be merged on gitlab interface with diagnostic manager can receive service from external tool to perform intended functionality","[0, 0, 0, 0, 1, 0, 0, 0, 0, 0, 0, 0, 1, 0, 0]"
122,Setting up Vectorcast and DTP tools for tests Setting up Vectorcast and DTP tools for tests Laptop should be ready with vectorcast and parasoft DTP tools for the workshop_x000D_,"[0, 0, 0, 0, 0, 0, 0, 0, 0, 0, 0, 0, 1, 0, 0]"
123,Bootchain configurators for Orin bank switch We need to implement JLR BootManager on Orin to enable BootChain switch functionality for Dual bank,"[0, 0, 0, 0, 1, 0, 0, 0, 0, 0, 0, 0, 0, 0, 0]"
124,SWE3 Configuration of signal for Orin Bank Switch (software-update-orin) To finalize the payload design for communication between Aurix and Orin and to implement the same in S2S interface of the application Changes merged into software-update-orin to add a service interface to swdl_application we can send signal towards aurix,"[0, 0, 1, 0, 1, 0, 0, 0, 0, 0, 0, 0, 0, 0, 0]"
125,Definition of interfaces for Diagnostic component An ARXML file needs to be drafted and reviewed for the diagnostic component ARXML file reviewed to create an ARXML file for diagnostic component all the configuration and specification for the diagnostic component is established and agreed upon,"[0, 0, 1, 0, 0, 0, 0, 0, 0, 0, 0, 0, 0, 0, 0]"
126,"Create sequence diagrams for Diagnostic Component As part of sequence diagrams, individual classes and the communication protocols need to be identified Review of sequence diagrams Review of sequence diagrams created within MSOSA to create sequence diagram for diagnostic component the workings, interactions for the component are defined completely","[0, 0, 0, 0, 0, 1, 0, 0, 0, 0, 0, 0, 0, 0, 0]"
127,Define ARXML for SWDL application and implement stub responses To define ARXML for SWDL application for diagnostic as well as OTA use cases DOD: Define ARXML for SWDL application Define ARXML for SWDL application to define ARXML for SWDL application the stub responses can be postulated for incoming requests,"[0, 0, 1, 0, 1, 0, 0, 0, 0, 0, 0, 0, 0, 0, 0]"
128,SWE 3 Implementation of D05B DID We need to add GetSoftwareUpdateStatus and GetSWUpdatePartNo apis to support D05B service Code Reviewed and merged in gitlab we can support D05B service,"[0, 0, 0, 0, 1, 0, 0, 0, 0, 0, 0, 0, 0, 0, 0]"
129,Development of boot manager Creation of a new service interface in SWDL application to support Signal to Service Mapping write a ConnectioHandler class i can initialise connection to DU-Master,"[0, 0, 1, 0, 0, 0, 0, 0, 0, 0, 0, 0, 0, 0, 0]"
130,AP Autosar sample application and KT Creation of an adaptive sample application with arxml and methods to be archieved as a example project for any future adaptive application development explore adaptive autosar dev environment i can find gaps if any with respect to NVIDIA apis and document them,"[0, 0, 1, 0, 0, 0, 0, 0, 0, 0, 0, 1, 0, 0, 0]"
131,SWE3 Integration of bootchain manager for AurixtoCCPLEX Bootmanager handler to handle Aurixtoccplex S2S Merge request raised for handling interactions from AurixToCcplex to handle interactions from aurixtoccplex we can handle the incoming signals and take actions in ISL accordingly,"[0, 0, 0, 0, 1, 0, 0, 0, 0, 0, 0, 0, 0, 0, 0]"
132,SWE3 Fix Static Analysis issues of DAL module of SWDL application with severity error Fix Static Analysis issues of DAL module of SWDL application with severity error Fix Static Analysis issues of DAL module of SWDL application with severity error_x000D_ to modify dal code Static Analysis issues of DAL module of SWDL application with severity errors can be fixed,"[0, 0, 0, 0, 1, 0, 0, 0, 0, 1, 0, 0, 0, 0, 0]"
133,"SWE3 Support for drop10 HCD pipeline Add support for drop10 HCD pipeline Added support for drop10 HCD pipeline, pipeline passing, jlr_swdl_application running_x000D_ to add support for drop10 HCD pipeline","[0, 0, 0, 0, 1, 0, 0, 0, 0, 0, 0, 0, 0, 0, 0]"
134,SWE3 Add support for Klockwork integration in CI pipeline Add support for Klockwork integration in CI pipeline Added support for Klockwork integration in CI pipeline and pipeline passing_x000D_ to add support for Klockwork integration in CI pipeline,"[0, 0, 0, 0, 0, 0, 0, 0, 0, 1, 0, 0, 0, 0, 0]"
135,SWE 5 Update SUM Mock clients for Automating  SetPhaseRequest  API with negative scenarios and boundary conditions  To Update SUM Mock client for automation of SetPhaseRequest API with negative scenarios and boundary conditions Updated SUM Mock client with automation of SetPhaseRequest API with negative scenarios and boundary conditions_x000D_ To Update Mock client for automation of SetPhaseRequest API with negative scenarios and boundary conditions,"[0, 0, 0, 0, 1, 0, 0, 0, 0, 1, 0, 0, 0, 0, 0]"
136,SWE 5 Update SUM Mock clients for Automating QuitRequest & SetCampaignRequest API with negative scenarios and boundary conditions  To Update SUM Mock client for automation of QuitRequest & SetCampaignRequest API with negative scenarios and boundary conditions Updated SUM Mock client with automation of  QuitRequest & SetCampaignRequest API with negative scenarios and boundary conditions_x000D_ To Update Mock client for automation of  QuitRequest & SetCampaignRequest API with negative scenarios and boundary conditions,"[0, 0, 0, 0, 1, 0, 0, 0, 0, 1, 0, 0, 0, 0, 0]"
137,SWE 5 Update Wired Mock client for Automating GetSwUpdateStatus APIs with negative scenarios and boundary conditions  Update Mock clients for automation of GetSwUpdateStatus APIs with negative scenarios and boundary conditions Updated Wired Mock client with automation of GetSwUpdateStatus APIs with negative scenarios and boundary conditions_x000D_ To Update WIred Mock client for automation of GetSwUpdateStatus APIs with negative scenarios and boundary conditions,"[0, 0, 0, 0, 1, 0, 0, 0, 0, 1, 0, 0, 0, 0, 0]"
138,SWE 5 Update Wired Mock client for Automating EnableProgrammingSession API with negative scenarios and boundary conditions  Update Mock clients for negative scenarios and boundary conditions Updated Wired Mock client with automation of EnableProgrammingSession APIs with negative scenarios and boundary conditions_x000D_ To Update WIred Mock client for automation of EnableProgrammingSession API with negative scenarios and boundary conditions,"[0, 0, 0, 0, 1, 0, 0, 0, 0, 1, 0, 0, 0, 0, 0]"
139,KT Session on SWE5 testing to Interns Transfer Knowledge on the SWE5 testing process using the mock clients on devkit to the Interns Successfully launch the swdl application and mock clients on devkit with the right assets,"[0, 0, 0, 0, 0, 0, 0, 0, 0, 0, 0, 1, 0, 0, 0]"
140,SWDL application up and Running on Devkit Make SWDL application up and Running on Devkit SWDL application is up and Running on Devkit,"[0, 0, 0, 0, 0, 0, 0, 0, 0, 0, 0, 0, 1, 0, 0]"
141,SWE 5 Update SUM Mock clients for Automating GetSoftwarePartNumberRequest API with negative scenarios and boundary conditions  To Update SUM Mock client for automation of GetSoftwarePartNumberRequest API with negative scenarios and boundary conditions Updated SUM Mock client with automation of  GetSoftwarePartNumberRequest API with negative scenarios and boundary conditions_x000D_ To Update Mock client for automation of  GetSoftwarePartNumberRequest API with negative scenarios and boundary conditions,"[0, 0, 0, 0, 1, 0, 0, 0, 0, 1, 0, 0, 0, 0, 0]"
142,SWE 5 Drafting test cases for swdl  interfaces Drafting gherkin test cases for interfaces in SWDL application : BasicIPC_JLR_SWDL_Application_JLR_SWDL_SUM_Client_Sender_Service BasicIPC_JLR_SWDL_Application_JLR_SWDL_Client_Sender_Service Test cases mapped to jira tickets_x000D_ To create gherkin test cases,"[0, 0, 0, 0, 0, 0, 0, 0, 0, 0, 1, 0, 1, 0, 0]"
143,Validation of Delta Update on Integration DDU builds dev and prod  modify master code and test it SO THAT SOTA Sample DriveUpdate can be verified for delta update using Integration DDUs Sample DriveUpdate has been validated on TAMS using delta of dev and prod builds and any changes to master code have been checked in to git repo to modify master code and test it Sample DriveUpdate can be verified for delta update using Integration DDUs,"[0, 0, 0, 0, 0, 0, 0, 0, 0, 1, 0, 0, 1, 0, 0]"
144,SWE4 GTest for Network API To write google test using gtest and gmock for all the network api classes 90% code coverage for the Network API classes write google test cases for Newtork API classes we get 90% code coverage,"[0, 0, 0, 0, 1, 0, 0, 0, 0, 0, 0, 0, 1, 0, 0]"
145,SWE3 CLI Tool Development for testing core-sum to networkapi interactions Develop a cli tool for testing core-sum to networkapi interactions Raise an MR containing the code changes cli tool for required for testing core-sum to networkapi interactions,"[0, 0, 0, 0, 1, 0, 0, 0, 1, 0, 0, 0, 0, 0, 0]"
146,SWE3 Data Transfer Support in core-sum  test core-sum data transfer SO THAT core-sum sftp integration can be verified Validation of Data Transfer Support and check in any changes to git repo to test core-sum data transfer core-sum sftp integration can be verified,"[0, 0, 1, 0, 1, 0, 0, 0, 1, 0, 0, 0, 1, 0, 0]"
147,SWE3 Fixing the issues of core-sum for SOTA sequence Identifying and Fixing the issues of core-sum for SOTA sequence Fixing the issues of core-sum for SOTA sequence and check in any changes to git repo,"[0, 0, 0, 0, 0, 0, 0, 0, 0, 1, 0, 0, 0, 0, 0]"
148,Modify network api interface to facilitate the SWDL interactions Modify network api interface to facilitate the SWDL interactions Create an MR to Modify network api interface to facilitate the SWDL interactions and address all the review comments,"[0, 0, 1, 0, 1, 0, 0, 0, 0, 0, 0, 0, 0, 0, 0]"
149,Routing network requests from SWDL app to core-sum Routing network requests from SWDL app to core-sum Integration on Network API implementation done and checked in to git repo,"[0, 0, 0, 0, 1, 0, 0, 0, 0, 0, 0, 0, 0, 0, 0]"
150,Definitions of service interface arxml for SOTA Definitions of service interface arxml for SOTA events and methods Convert network api calls to service interface of SOTA implementation tested and checked -in to git repo,"[0, 0, 0, 0, 1, 0, 0, 0, 1, 0, 0, 0, 0, 0, 0]"
151,Implementation SOTA service interface in SWDL application Implementation SOTA service interface in SWDL application Updated SWDL application with SUM source code implemented,"[0, 0, 0, 0, 1, 0, 0, 0, 0, 0, 0, 0, 0, 0, 0]"
152,"SWE4 Validation of core-sum with network-api interactions Validation of core-sum with network-api interactions Validation of core-sum with network-api interactions and testing on devkit, check in any changes to git repo","[0, 0, 0, 0, 1, 0, 0, 0, 0, 0, 0, 0, 1, 0, 0]"
153,SWE3 Fixing Compiler Warnings in master branch  modify master code SO THAT major compilation warnings can be fixed Major Compiler Warnings fixed in master branch and check in changes to git repo to modify master code major compilation warnings can be fixed,"[0, 0, 0, 0, 1, 0, 0, 0, 0, 1, 0, 0, 0, 0, 0]"
154,Developing adaptive autosar jlr_swdl_sum_client develop an adaptive autosare application client jlr_swdl_sum_client which will be used to test ota software update functionalities of jlr_swdl_application Sanity Testing Basic IPC communication working to develop an adaptive autosar application we can test jlr_swdl_application's ota capabilities,"[0, 0, 1, 0, 1, 0, 0, 0, 0, 0, 0, 0, 0, 0, 0]"
155,SWE3 Integration of latest sum release  modify the master code SO THAT latest release (300) of core-sum can be integrated The latest release of core-sum has been integrated without compilation issues The core-sum interfaces have been tested on Devkit or TAMS Any code changes have been checked in to git repo modify the master code latest release (300) of core-sum can be integrated,"[0, 0, 0, 0, 1, 0, 0, 0, 1, 0, 0, 0, 1, 0, 0]"
156,Integrating vector bootloader source code build in aurix_build We need to integrate vector bootloader source code build in aurix_build to facilitate PRTI integration An MR on aurix_build facilitating the change to integrate vector bootloader source code build in aurix_build we can make progress on PRTI integration,"[0, 0, 0, 0, 1, 0, 0, 0, 1, 0, 0, 0, 0, 0, 0]"
157,SWE3 Updating CMakeListtxt files to satisfy the new Ultronbfw version Make changes in CMakeListtxt files in software-update-orin repository to comply with the new Ultronbfw version Changes reviewed and an MR ready to update CMakeList files it follows the newer version of Ultronbfw,"[0, 0, 0, 0, 0, 0, 0, 0, 1, 0, 0, 0, 0, 0, 0]"
158,Fixing the current bootchain selection in ISL Currently there is a bug in ISL where we don't properly select the correct bootchain The aim is to fix it and test it using the available client tools Code changes merged in master to fix the current bootchain selection bug we can have a successful activation,"[0, 0, 0, 0, 1, 0, 0, 0, 0, 1, 0, 0, 0, 0, 0]"
159,SWE3 Generate and validate the F124 package To have a discussion with Niranjan and figure out how are they generating the partition for f124 and our strategy to generate a f124 tar package for update via our application A working f124 package to understand the calibration update requirements we can make an appropriate F124 package,"[0, 0, 0, 1, 0, 0, 0, 0, 0, 0, 0, 1, 0, 0, 0]"
160,SWE 3 Add validation support in ISL To add validation support in ISL Tested and merged code in gitlab to add validation support in ISL we can validate what we write in DADC,"[0, 0, 0, 0, 1, 0, 0, 0, 0, 0, 0, 0, 0, 0, 0]"
161,SWE 3 DAL implementation for validation Make code changes to support authentication Code merged and tested to make changes in dal dal supports validation,"[0, 0, 0, 0, 1, 0, 0, 0, 0, 0, 0, 0, 0, 0, 0]"
162,Cysec - POC for signed image update as per JLR signing strategy-  Provide a proof of concept for signed image update as per JLR signing strategy We need to showcase if the authenticator plugin by NVIDIA can or cannot be used for authentication as per JLR requirements Proof of concept for signed image update using NVIDIA authenticator plugin to check the usability of authenticator plugin for JLR requirements we can make a decision going forward what if we need to use the ara crypto stack,"[0, 0, 0, 0, 1, 0, 0, 0, 0, 0, 0, 0, 0, 0, 0]"
163,SWE 3DAL support for authentication As a Developer i want Code changes to be done for so that dal support is done for sample drive update sample drive update done succesfully after the code changes Code changes would be done sample drive update works on both TAMS and devkit using the generated package with dupkg,"[0, 0, 0, 0, 1, 0, 0, 0, 0, 0, 0, 0, 0, 0, 0]"
164,Putting Devkit on a working version With the current version of devkit sample_driveupdate isn't working which hinders testing So we need to find the working version of the avos release Document the working version and check if sample_driveupdate is running properly to make sure devkit is on the correct working version applications like sample_driveupdate are running properly,"[0, 0, 0, 0, 0, 0, 0, 0, 0, 1, 0, 0, 0, 0, 0]"
165,SWE 3 Update Payload size from 64kb to 15 mb in SWDiag controller To change the current payload from 64 kb to 15 mb Merged code in drop 6b branch and an extra patch for master branch as well to update the payload size we can achieve faster transfer speed,"[0, 0, 0, 0, 1, 0, 0, 0, 0, 1, 0, 0, 0, 0, 0]"
166,SWE 4 Validate SWDL Delta based Update Validate SWDL for Delta based Update Use sample delta images to test the ISL and DAL sequence for delta update image SWDL application validated for end to end sequence of delta update,"[0, 0, 0, 1, 0, 0, 0, 0, 0, 0, 0, 0, 1, 0, 0]"
167,SWE5 - Validation of Signed image update Orin Full Image update with signed ddu   working signed image update to test full image update with signed ddu we can confirm the working of signed image update,"[0, 0, 0, 0, 0, 0, 0, 0, 0, 1, 0, 0, 1, 0, 0]"
168,SWE4 Modifying package generation script for singed image generation We need to modify the package generation script to create a signed f188 image  Modified script merged in master to modify the package generation script we can generate a signed f188 package,"[0, 0, 0, 1, 0, 0, 0, 0, 0, 0, 0, 0, 0, 0, 0]"
169,"Design High Level Sequence diagrams for SWDL in MSOSA for DAL Sequence diagram are needed for the DAL (DriveUpdate Abstraction Layer) component to understand the interactions between different modules within DAL ISL Sequence diagrams put into MSOSA, reviewed and review comments fixed to create sequence diagrams for DAL interactions between DAL modules can be recorded","[0, 0, 0, 0, 0, 1, 0, 0, 0, 0, 0, 0, 0, 0, 0]"
170,Develop mock adaptive autosar application Develop mock adaptive autosar application Mock adaptive autosar application is available,"[0, 0, 1, 0, 1, 0, 0, 0, 0, 0, 0, 0, 0, 0, 0]"
171,Access the zlib solution suggested in QNX We need to access the current solution for using zlib in qnx for our usecase Final understanding on if we will be using this particular solution,"[0, 0, 0, 0, 0, 0, 0, 0, 0, 1, 0, 0, 0, 0, 0]"
172,Reviewing the untarh for tar file reading We need to understand the library and assess if it can be used for working with a tar ball Final decision on if we will be using this library moving ahead to test the library I can understand if the library can be useful in dealing with a targz file,"[0, 0, 0, 0, 0, 0, 0, 0, 0, 0, 0, 0, 1, 0, 0]"
173,Identify the possible libraries that can be used to extract and read targz file in QNX Identify the possible libraries that can be used to extract and read targz file in QNX List of all the libraries etc that can be used to identify the libraries that support reading tar file without extraction in qnx it can facilitate calibrate and other apis,"[0, 0, 0, 0, 0, 0, 0, 0, 0, 1, 0, 0, 0, 0, 0]"
174,GCoverage for Diagnostic Controller DAL code written needs to be optimized and checked for edge cases MR raised for optimized code to optimize the DAL code and make it robust it serves the required functionality in an efficient manner,"[0, 0, 0, 0, 1, 0, 0, 0, 0, 0, 0, 0, 1, 0, 0]"
175,Gtest of Diagnostic SW controller-server  Writing of mock classes for other layers and writing test cases unit testing of Diagnostic SW controller -server write mock classes and test cases Diagnostic SW controller-server component can be tested effectively,"[0, 0, 0, 0, 1, 0, 0, 0, 0, 0, 0, 0, 1, 0, 0]"
176,Adding CMake support for both ultron and linux To understand the gap in requirements and address them accordingly Updated TRM requirements to edit TRM requirements I can address the gaps in those requirements,"[0, 0, 0, 0, 0, 0, 0, 0, 1, 0, 0, 0, 0, 0, 1]"
177,Prepare ServeFile of Content server for Drive Update Abstraction layer Content server is used to serve files from gos We have to define the serve file functionality of content server to start serving the file Commited code on gitlab,"[0, 0, 0, 0, 1, 0, 0, 0, 0, 0, 0, 0, 0, 0, 0]"
178,"To complete the high level review of the diagnostic component Draft the TRM requirements for a diagnostic component and get it peer reviewed, Adding review comments on TRM and addressing them Comments on TRM and reviewing those Comments to write requirements for Diagnostic component we can progress in SWE 1 ASPICE requirements","[0, 0, 0, 0, 0, 0, 0, 0, 0, 0, 0, 0, 0, 0, 1]"
179,"To collaborate on the Update phases of Diagnostic Component To write requirements for diagnostic comments and review the first draft of the requirements, Adding comments on TRM and reviewing them Comments on TRM and reviewing those Comments to write requirements for Diagnostic component we can progress in SWE 1 ASPICE requirements","[0, 0, 0, 0, 0, 0, 0, 0, 0, 0, 0, 0, 0, 0, 1]"
180,To complete final review of the lifecycle Manager To review the final draft of the requirements and Add new comments in TRM and review them to write requirements for LifeCycleManager we can progress in SWE 1 ASPICE requirements,"[0, 0, 0, 0, 0, 0, 0, 0, 0, 0, 0, 0, 0, 0, 1]"
181,"To complete high level review of the lifecycleManager Draft requirements and complete a high level review of LifeCycleManager, and Add comments in TRM and review the comments to write requirements for LifeCycleManager we can progress in SWE 1 ASPICE requirements","[0, 0, 0, 0, 0, 0, 0, 0, 0, 0, 0, 0, 0, 0, 1]"
182,"Prepare a sequence diagram for SW update architecture SW update has various components and it is important to identify how these components communicate with each other so that all the design decisions and requirements identified on system and SWE 1 level are satisfied hence, a sequence diagram is necessary for proper understanding of how each SW component behaves to prepare a sequence diagram we can have a common understanding of how each component identified behaves and comunicate with each other","[0, 0, 0, 0, 0, 1, 0, 0, 0, 0, 0, 0, 0, 0, 0]"
183,"Identify the interface for ISL - OTA ISL is communicating with various different SW components We have to define the interface for ISL for the same, Prepare a ICD diagram in MSOSA listing interfaces of ISL for OTA update Prepare a confluence page for the interface identified, Review with the team and address the review comments to prepare the interface for ISL development of other software components can proceed based on the interface provided by ISL","[0, 0, 0, 0, 0, 1, 0, 0, 0, 0, 0, 1, 0, 0, 0]"
184,SWE 3 GTest Suite for PushMode Handler of DAL Design the GTest suite for PushMode Handler of DAL Design the GTest suite for Push Mode Handler of DAL,"[0, 0, 0, 0, 1, 0, 0, 0, 0, 0, 0, 0, 1, 0, 0]"
185,"Prepare BDD for SWDL software in MSOSA Prepare an Activity diagram describing the workflow of ISL We also have to make sure that the Responsibilities identified for ISL are properly satisfied
 Updated BDD in MSOSA update BDD in MSOSA we can have a proper flow of component which is also compliant with the requirements identified in SWE 1","[0, 0, 0, 0, 0, 1, 0, 0, 0, 0, 0, 0, 0, 0, 0]"
186,Add synchronisation support for DAL Add synchronisation support in pushmode handler cc files Add synchronisation support in pushmode handler cc files to add synchronisation support for DAL we are able to successfully synchronise the partitions after an update,"[0, 0, 0, 0, 1, 0, 0, 0, 0, 0, 0, 0, 0, 0, 0]"
187,Integration of SWDL components Integrate the SWDL component into SWDL Adaptive AUTOSAR application to facilitate the diagnostic wired update Code merged with master to integrate the SWDL component with software update we can test software update,"[0, 0, 0, 0, 1, 0, 0, 0, 1, 0, 0, 0, 0, 0, 0]"
188,"GTest of Diagnostic Controller Develop, test and review Abstraction layer for Nvidia Drive Update the developed code must be checked into git Abstraction layer for Nvidia developed, tested and reviewed,  and checked into git to test the ISL DAL integration we can release tested quality code","[0, 0, 0, 0, 1, 0, 0, 0, 0, 0, 0, 0, 1, 0, 0]"
189,"Draft SWE1 Software Requirements for Diagnostic Component Draft SWE1 Software Requirements for Diagnostic Component for module : service implementation(SOMEIP) for UDS server application SWE level requirements for Diagnostic component drafted in TRM to draft swe level requirements for Diagnostic component we can complete SWE1 and move ahead to SWE2,3","[0, 0, 0, 0, 0, 0, 0, 0, 0, 0, 0, 0, 0, 0, 1]"
190,"Enable and Disable Push Mode in DriveUpdate Add Enable and Disable push mode support in PushModeHandler class Add Enable and Disable push mode support in PushModeHandler class, Merge the code with the master branch of the project in gitlab to update add enable and disable pushmode support for DAL we are able to get into push mode for diagnostic software update of orin","[0, 0, 0, 0, 1, 0, 0, 0, 0, 0, 0, 0, 0, 0, 0]"
191,"Prepare a Life cycle manager In order to maintain the life cycle of OTA or Diagnostic software update instance we planned to create a life cycle manager prepare a class diagram for Life cycle manager Address review comments, update the class diagram in MSOSA to create a life cycle manager we can maintain the OTA and diagnostic instances","[0, 0, 0, 0, 0, 1, 0, 0, 0, 0, 0, 0, 0, 0, 0]"
192,"Complete task runner class diagram The processes will be running on various different threads and we need a common class to handle all the tasks on those threads which can be used by ISL, Thread class diagram, update it in MSOSA Thread class diagram, update it in MSOSA to find define classes for task runner we can use these in our ISL implementation","[0, 0, 0, 0, 0, 1, 0, 0, 0, 0, 0, 0, 0, 0, 0]"
193,Complete thread class diagram The processes will be running on various different threads and we need a common class to handle all the thread related activities which can be used by ISL : Thread class diagram Thread and task runner class diagram to find define classes for thread we can use these in our ISL implementation,"[0, 0, 0, 0, 0, 1, 0, 0, 0, 0, 0, 0, 0, 0, 0]"
194,"Create ISL abstraction layer For a working demo for ISL, we plan on creating a class diagram for abstraction layer for ISL and SUM This would involve identifying different classes and their relations, All the classes defined as part of the abstraction layer All the classes defined as part of the abstraction layer to find classes for update process for communication between ISL and SUM we can have an abstraction layer for the same","[0, 0, 0, 0, 1, 0, 0, 0, 0, 0, 0, 0, 0, 0, 0]"
195,"Completion of DRIVE VM abstraction layer For a working demo for ISL, we plan on creating a class diagram for DriveVM APIs This would involve idenitfying different classes within the sample_driveupdate code and mapping relations between them, All the classes defined as part of the abstraction layer All the classes defined as part of the abstraction layer to create classes for update process based on sample_driveupdatec we can have an abstraction layer for the NVIDIA drive update","[0, 0, 0, 0, 1, 0, 0, 0, 1, 0, 0, 0, 0, 0, 0]"
196,"Creating Class objects for sample_driveupdate We need to create class diagrams for DriveVM APIs As this would help us in Abstraction and tracking changes in the API in future, Presenting the Classes and their functionalities to the team and addressing the review comments to identify classes for drive update class diagrams can be created based on their interactions","[0, 0, 0, 0, 0, 1, 0, 0, 0, 0, 0, 0, 0, 0, 0]"
197,Create State Machine Template To create a state machine template for ISL Class diagram Class diagram of the template class to prepare a state machine template we can use the template to create class diagram and final state machine,"[0, 0, 0, 0, 0, 1, 0, 0, 0, 0, 0, 0, 0, 0, 0]"
198,"Compose System boundary diagram (SYS1-2)  Capture how each capability, as identified in SYS-2, interact with each other, System Boundary diagram in MSOSA System Boundary diagram in MSOSA to compose System boundary diagram in MSOSA we can conclude sys1-sys2 requirements","[0, 0, 0, 0, 0, 1, 0, 0, 0, 0, 0, 0, 0, 0, 0]"
199,"Capability decomposition for HandleOTAInstallation HandleOTAInstallation is one of the Capabilities identified for sys-2 level We need to decompose it into the functional blocks and prepare the activitiy diagram as per the ASPICE requirements, MSOSA activity diagram for HandleOTAInstallation MSOSA activity diagram for HandleOTAInstallation to decompose HandleOTAInstallation we can conclude sys2-sys3 requirements for a particular capabiltiy","[0, 0, 0, 0, 0, 1, 0, 0, 0, 0, 0, 1, 0, 0, 0]"
200,"Capability decomposition for ManageSoftwareupdate ManageSofwareupdate is one of the Capabilities identified for sys-2 level We need to decompose it into the functional blocks and prepare the activitiy diagram as per the ASPICE requirements, MSOSA activity diagram for ManageSoftwareupdate MSOSA activity diagram for ManageSoftwareUpdate to decompose ManageSoftwareUpdate we can conclude sys2-sys3 requirements for a particular capabiltiy","[0, 0, 0, 0, 0, 1, 0, 0, 0, 0, 0, 1, 0, 0, 0]"
201,"Capability decomposition for ManageTargetECU ManageTargetECU is one of the Capabilities identified for sys-2 level We need to decompose it into the functional blocks and prepare the activitiy diagram as per the ASPICE requirements, MSOSA activity diagram for ManageTargetECU  MSOSA activity diagram for ManageTargetECU to decompose ManageTargetECU we can conclude sys2-sys3 requirements for a particular capabiltiy","[0, 0, 0, 0, 0, 1, 0, 0, 0, 0, 0, 0, 0, 0, 0]"
202,"To draft the class diagram for ORIN ISL Create class diagrams for ISL, class definitions created and association between classes identified, interactions with SUM and other dependencies identified, and class diagram created with corresponding information Classes drafted and reviewed to draft class diagrams for ISL it can be shared with dependencies and help in implement ISL","[0, 0, 0, 0, 0, 1, 0, 0, 0, 0, 0, 0, 0, 0, 0]"
203,Hands on SWE level artefacts identified for ISL Should review and understand SWE level artefacts for ISL go review the SWE level artefacts already identified for ISL i can understand ISL APIs,"[0, 0, 0, 0, 0, 0, 0, 0, 0, 0, 0, 1, 0, 0, 0]"
204,SWE1 Refine SWUpdate Phases and LifeCycle requirements Refine SWUpdate Phases and LifeCycle requirements Refined and requirements released for SWUpdate phases and Lifecycle to refine SWUpdate phases and lifecycle requirements SWE1 stays updated with SWE3,"[0, 0, 0, 0, 0, 0, 0, 0, 0, 0, 0, 1, 0, 0, 1]"
205,Review CMakeListstxt for Sample apps drive Update To draft the CMakelists for sample drive update sample and upload the merge request in gitlab,"[0, 0, 0, 0, 0, 0, 0, 0, 1, 0, 0, 0, 0, 0, 0]"
206,Review SYS-2 changes in MSOSA based on STJLR18199 MSOSA should have all the changes updated as identified in review of STJLR18199 Review MSOSA SYS-2 diagrams all the changes are incorporated as identified in the review of STJR18199,"[0, 0, 0, 0, 0, 1, 0, 0, 0, 0, 0, 0, 0, 0, 0]"
207,"Incorporating OTA STJLR document into MSOSA on SYS 2 Updated sys 2 diagrams based on STJLR-18-199
 Incorporate STJLR-18-199 to MSOSA We can verify requirements are properly incorporated in MSOSA diagrams","[0, 0, 0, 0, 0, 1, 0, 0, 0, 0, 0, 0, 0, 0, 0]"
208,"To draft the master CMakeLists for nvidia drive update samples To draft the master CMakeListstxt file for below subprojects: content_server, remote_content_provider, sample-du-installer, sample_client_app. To include the sub projects and build the respective subfolder to draft the master CMakeListstxt for all sub projects of nvidia samples the binaries for respective sample applications can be generated","[0, 0, 0, 0, 0, 0, 0, 0, 1, 0, 0, 0, 0, 0, 0]"
209,"Prepae CMakeLists for Sample-du-installer and Content server It is easier to control the build project using CMakeLists hence, we have to prepare CMakeLists for sample-du-installer and content_server to support these subprojects. Prepare CMakeListstxt files using MakeFile already present to prepare CMakeLists for content_server and sample-du-installer we can support the respective subproject","[0, 0, 0, 0, 0, 0, 0, 0, 1, 0, 0, 0, 0, 0, 0]"
210,"To deliver the overall sessions on SYS level artifacts drafted for SW update  To deliver a detailed session for SYS level artifacts drafted for SW Update in MSOSAA, and a  detailed session for internal team members for initial RAMP Up activity to deliver a session on SYS level artifacts on SW update the internal team can understand the current progress","[0, 0, 0, 0, 0, 1, 0, 0, 0, 0, 0, 0, 0, 0, 0]"
211,SWE 3 Preevision model for jlr_swdl_sota_client mock application jlr_swdl_sota_client mock application will test the SOTA routine sequences and will finally be replaced by SUM json file with all the methods and to be sent to ccplex for prevision to create a mock jlr_swdl_sota client we can simulate the SOTA routine,"[0, 0, 1, 0, 0, 0, 0, 0, 0, 0, 0, 1, 0, 0, 0]"
212,"Training for TRM and get write access TRM request To review the training materials provided for TRM and get accustomed with the usage, To request approval for TRM  Write access to get well versed with TRM traininh it will facilitate to draft requirements in the upcoming sprints","[0, 0, 0, 0, 0, 0, 0, 0, 0, 0, 0, 1, 0, 0, 1]"
213,Implement the PushModeHandler Class for DAL Header and CC files of the implementation. Merged with the master on gitlab Header and CC files of the implementation. Merged with the master on gitlab,"[0, 0, 0, 0, 1, 0, 0, 0, 0, 0, 0, 0, 0, 0, 0]"
214,Develop a basic Adaptive Autosar application client To develop adaptive autosar application  A basic adaptive autosar application is able to run,"[0, 0, 1, 0, 1, 0, 0, 0, 0, 0, 0, 0, 0, 0, 0]"
215,Explore Harman Delta Image update mechanism Understand the Harman delta generator on PIVI. Identify the dependencies of the delta generator. Compare the delta generator with NVIDIA delta generator to explore Harman delta image update so that we can understand and compare the delta generator,"[0, 0, 0, 0, 0, 0, 0, 0, 0, 0, 0, 1, 0, 0, 0]"
216,"Identify the interface of ISL - Diagnostic Create class diagrams for ISL. Prepare a ICD diagram in MSOSA listing interfaces of ISL for Diagnostic update, Review with the team and address the review comments Artefacts created in MSOSA ICD diagram of ISL for Diagnostic Update it can be shared with dependencies and help in implement ISL","[0, 0, 0, 0, 0, 1, 0, 0, 0, 0, 0, 0, 0, 0, 0]"
217,"SYS2-SYS3 Functional decomposition for software update To draft the following sys3 documentation. Functional architectural diagram. system partitioning diagram, Interface control document, Traceability between capabilities and functions To get have a functional architecture diagram, Interface control diagram, system partitioning diagram, we can conclude sys2-sys3 requirements for a particular capabiltiy","[0, 0, 0, 0, 0, 1, 0, 0, 0, 0, 0, 0, 0, 0, 0]"
218,SYS1-SYS3 diagrams for ORIN OTA update SYS1-SYS3 diagrams for ORIN OTA update uploaded in MSOSA,"[0, 0, 0, 0, 0, 1, 0, 0, 0, 0, 0, 0, 0, 0, 0]"
219,"SW flash and hands-on for memory layout on devkit Full image update is one of the ways to update the ORIN devkit Having a hands-on knowledge of the process is crucial for the team We should go through the documentation and perform a full image update, trying full image update using the documented steps to get familiar with Orin dev kit Completion of full image update using the documented steps go through the documented steps of full image update I can get familiar with the devkit and perform a full image update","[0, 0, 0, 0, 0, 0, 0, 0, 0, 0, 0, 1, 0, 0, 0]"
